ID,USERID,NOME,EXPERIENCIA,ALG_01,BASE_ALG_01,DEC_01,BASE_DEC_01,REC_01,BASE_REC_01,ABS_01,BASE_ABS_01,TOTAL_ATIVIDADE_01,A atividade foi muito bem organizada.,O professor era muito bem informado sobre o assunto que ensinava.,O professor era muito bom na comunica√ß√£o.,O professor foi motivador e entusiasta.,"Por favor, indique as tr√™s coisas que voc√™ mais gostou na aula e por qu√™?","Por favor, indique as tr√™s coisas que voc√™ n√£o gostou na aula e por qu√™?",Qual foi a coisa mais importante que voc√™ aprendeu com essa aula?,Fale sobre as bases do pensamento computacional.,Voc√™ acha que as li√ß√µes da aula ser√£o √∫teis para o crescimento de sua carreira? Por qu√™?,Voc√™ tem algum coment√°rio ou sugest√£o para ajudar a melhorar essa aula?
aluno 01,63,Aluno 01,2,S,"2,5",S,"2,5",S,"2,5",S,"2,5",10,4,5,5,5,"Did√°tica, modo de fala com os alunos e a ajuda na interpreta√ß√£o dos desafios",n√£o tenho;,como mentalizar o que devo fazer antes de programar. Guiando meus pensamentos para resolver,"Ideias que fazem muito sentido e s√£o funcionais demais da conta, pois a organiza√ß√£o fica √≥tima e a forma de resolver, melhor ainda.","sim, com certeza. Pois com elas aprendo a como pensar de forma correta para solucionar e por minhas ideias em pr√°tica.",a aula em si j√° √© de um cunho muito satisfat√≥rio
aluno 02,56,Aluno 02,2,S,"2,5",S,"2,5",S,"2,5",S,"2,5",10,5,5,5,3,"Foi uma aula din√¢mica, objetiva e com boa comunica√ß√£o.",N√£o consegui opinar.,O qu√™ √© um algoritmo,N√£o lembro,Talvez sim,N√£o
aluno 03,41,Aluno 03,1,S,"2,5",S,"2,5",S,"2,5",S,"2,5",10,4,5,4,3,"1: √â o meu primeiro exerc√≠cio em programa√ß√£o;
 2: A introdu√ß√£o a l√≥gica computacional;
 3: A explica√ß√£o do professor.","1: O projetor n√£o estava muito bom em minha localiza√ß√£o;
 2: As vezes ficava ruim de compreender certas informa√ß√µes, n√£o por falta de explica√ß√£o do professor mas por minha pr√≥pria parte;
 3: Foi muito curta.",A introdu√ß√£o a l√≥gica e novas informa√ß√µes.,"A criatividade na resolu√ß√£o de problemas, aliada da simplicidade (otimiza√ß√£o) do c√≥digo.","√â de bastante utilidade pois √© a introdu√ß√£o as bases da computa√ß√£o, sendo que sem ela n√£o poderei me desenvolver bem.",Melhorar o projetor e a internet.
aluno 04,25,Aluno 04,2,S,"2,5",P,"1,25",P,"1,25",N,0,5,,,,,,,,,,
aluno 05,26,Aluno 05,3,S,"2,5",S,"2,5",S,"2,5",N,0,"7,5",,,,,,,,,,
aluno 06,20,Aluno 06,3,S,"2,5",P,"1,25",P,"1,25",N,0,5,5,5,4,4,"Avalia√ß√£o recebida, entendimento da decomposi√ß√£o do problema","Fiquei um pouco perdido sobre o que exatamente era pra ser feito, pois n√£o entendia a estrutura C",Decompor o problema e pensar sobre os passos para chegar a uma determinada a√ß√£o,"Decompor o problema para facilitar o entendimento e o que fazer, abstra√ß√£o para focar no mais importante, reconhecimento de padr√µes para","Sim, pois com os ensinamentos sobre a estrutura dos c√≥digos e o uso do pensamento computacional, poderei otimizar meu pr√≥prio pensamento e, futuramente, trabalhar melhor",N√£o
aluno 07,43,Aluno 07,2,S,"2,5",S,"2,5",S,"2,5",N,0,"7,5",,,,,,,,,,
aluno 08,65,Aluno 08,3,,0,,0,,0,,0,0,,,,,,,,,,
aluno 09,40,Aluno 09,2,S,"2,5",S,"2,5",S,"2,5",S,"2,5",10,,,,,,,,,,
aluno 10,50,Aluno 10,2,S,"2,5",P,"1,25",P,"1,25",N,0,5,2,5,5,4,"Boa comunica√ß√£o, exemplos bons do cotidiano e boa did√°tica.","Achei os exemplos envolvendo comida um tanto confusos, mesmo que a ideia tenha sido boa. N√£o tenho mais cr√≠ticas.",As bases do pensamento computacional.,"A decomposi√ß√£o, o reconhecimento de padr√µes, abstra√ß√£o e algoritmo s√£o as bases necess√°rias para construir uma linha l√≥gico-computacional, e √© eficaz em v√°rias √°reas principalmente na resolu√ß√£o de problemas complexos.","Sim, pois assim consiguirei desenvolver minhas habilidades envolvendo programa√ß√£o.",n√£o
aluno 11,35,Aluno 11,2,S,"2,5",S,"2,5",S,"2,5",S,"2,5",10,,,,,,,,,,
aluno 12,36,Aluno 12,3,S,"2,5",S,"2,5",S,"2,5",S,"2,5",10,,,,,,,,,,
aluno 13,34,Aluno 13,1,N,0,P,"1,25",P,"1,25",N,0,"2,5",5,5,5,5,"Gostei de te aprendido sobre as bases do pensamento computacional, te aprendido como construir um algoritimo e a interpreta-lo para uma lingua mas facil de ser conprendida pelo computador.,",nada a declara,bases do pensamento computacional,"s√£o elas decomposi√ß√£o: decompor o problema em partes para resolver com mais facilidade, abstra√ß√£o: eliminar tudo que ser desnecess√°rio para a resolu√ß√£o do problema, reconhecer padr√µes: reconhecer que dentro do problema a padr√µes que se repetem, pensamento algoritimo: e um passo a passo que quer com o objetivo de encontra a solu√ß√£o para o problema.","sim. porque √© uma coisa t√£o comum, pois √© algum que esta no nosso dia a dia e nem percebemos",n√£o
aluno 14,48,Aluno 14,1,S,"2,5",S,"2,5",S,"2,5",N,0,"7,5",,,,,,,,,,
aluno 15,53,Aluno 15,1,S,"2,5",P,"1,25",P,"1,25",N,0,5,,,,,,,,,,
aluno 16,45,Aluno 16,1,,0,,0,,0,,0,0,,,,,,,,,,
aluno 17,39,Aluno 17,3,S,"2,5",P,"1,25",P,"1,25",N,0,5,,,,,,,,,,
aluno 18,38,Aluno 18,4,S,"2,5",S,"2,5",S,"2,5",S,"2,5",10,5,5,5,5,"did√°tica, entusiasmo e paci√™ncia do professor na explica√ß√£o do conte√∫do.",eu gostei de tudo,as bases do pensamento computacional,"explora√ß√£o de forma criativa, cr√≠tica e estrat√©gica","Sim, o entendimento dos conte√∫dos fundamentais permite o desenvolvimento da mat√©ria de maneira fluida.",N√£o.
aluno 19,54,Aluno 19,2,S,"2,5",S,"2,5",P,"1,25",N,0,"6,25",,,,,,,,,,
aluno 20,30,Aluno 20,2,S,"2,5",P,"1,25",P,"1,25",N,0,5,5,5,5,5,Gostei de ter um contato com uma forma diferente de interpretar os problemas e procurar solu√ß√µes,"Tive dificuldade em entender os conceitos, gostaria que tivesse feito mais alguns exemplos ajudaria no entendimento melhor do assunto",Separar o que √© necess√°rio e do que n√£o √© pra resolu√ß√£o de um problema,S√£o conceitos que nos ajudam a a identificar o que √© preciso ser feito para chegar a uma resolu√ß√£o adequada do que se √© pedido,"Sim, devido esses temas servirem como base para todo o desenvolvimento do pensamento ao redor da programa√ß√£o",A utiliza√ß√£o de mais slides com diferentes exemplos poderia ajudar
aluno 21,22,Aluno 21,2,S,"2,5",S,"2,5",S,"2,5",S,"2,5",10,5,5,5,5,"A clareza com que o professor ministra as aula, tornando o aprendizado mais eficiente, a boa comunica√ß√£o com a turma, permitindo que o aluno tire d√∫vidas e contribua com a aula, e situa√ß√£o de aprendizagem, que implica uma assimila√ß√£o do conte√∫do melhor.",Nenhuma cr√≠tica.,"A ter um pensamento computacional, e uma l√≥gica para iniciar na programa√ß√£o.",Organizar as instru√ß√µes de maneira detalhada e estruturada.,"Sim, para se adaptar a forma como os computadores executam as instru√ß√µes, solidificando as bases para desenvolver programas avan√ßados.",Demonstrar o funcionamento do Rob√¥ em uma linguagem de programa√ß√£o real.
aluno 22,49,Aluno 22,3,S,"2,5",S,"2,5",S,"2,5",N,0,"7,5",5,5,5,5,"O tema, proposta e a din√¢mica apresentada.","S√≥ a dura√ß√£o, poderia ser maior.",A Decomposi√ß√£o de problemas,"S√£o etapas que nos ajudam a desenvolver uma clareza nos pensamentos, que nos ajudam a se aproximar da l√≥gica do computador.","Sim, me ajudaram a compreender o assunto.",N√£o
aluno 24,44,Aluno 24,2,,0,,0,,0,,0,0,,,,,,,,,,
aluno 25,46,Aluno 25,2,S,"2,5",S,"2,5",S,"2,5",S,"2,5",10,,,,,,,,,,
aluno 26,51,Aluno 26,1,S,"2,5",P,"1,25",P,"1,25",N,0,5,,,,,,,,,,
aluno 27,57,Aluno 27,4,S,"2,5",P,"1,25",P,"1,25",N,0,5,,,,,,,,,,
aluno 28,27,Aluno 28,1,S,"2,5",P,"1,25",P,"1,25",N,0,5,,,,,,,,,,
aluno 29,60,Aluno 29,1,,0,,0,,0,,0,0,,,,,,,,,,
aluno 30,21,Aluno 30,3,S,"2,5",S,"2,5",P,"1,25",N,0,"6,25",5,5,5,4,"O rob√¥ aspirador, porque eu nunca vi um desses antes.","Esse question√°rio ser obrigat√≥rio, porque n√£o sei o que dizeeeeeer",N√£o complicar na hora de responder a atividade,"S√£o quatro bases: decomposi√ß√£o do problema, abstra√ß√£o, reconhecimento de padr√µes e algoritmo.","Sim, porque com pr√°tica vem aprendizado.",N√£o.
aluno 31,18,Aluno 31,2,S,"2,5",S,"2,5",S,"2,5",S,"2,5",10,,,,,,,,,,
aluno 32,23,Aluno 32,2,S,"2,5",S,"2,5",S,"2,5",N,0,"7,5",,,,,,,,,,
aluno 33,29,Aluno 33,2,S,"2,5",P,"1,25",P,"1,25",N,0,5,,,,,,,,,,
aluno 34,31,Aluno 34,2,S,"2,5",S,"2,5",S,"2,5",P,"1,25","8,75",,,,,,,,,,
aluno 35,37,Aluno 35,1,S,"2,5",P,"1,25",P,"1,25",N,0,5,5,5,5,5,"Ela fez a ""ponte"" entre as ""receitas de comida"" e o pensamento computacioonal propriamente dito. Gostei tanto disso quando de fazer o algoritmo do rob√¥",N√£o tem,Aumentei minha no√ß√£o de criar um algoritmo,"Decomposi√ß√£o para dividir o problema em pribla se menores, abstra√ß√£o para escolher o que eu usaria e o que eu n√£o usaria, reconhecimento dos padr√µes e por fim o algoritmo","Sim! Pois serviu como uma base, √© quanto mais forte a base, mais forte vai ser o topo",Ir mais no laborat√≥rio porque l√° √© bom demaisü§ùüòé
aluno 36,47,Aluno 36,1,,0,,0,,0,,0,0,4,5,4,5,"Did√°tica, instrumental, e din√¢mica. Nada a declarar.",Compreensibilidade.,Organiza√ß√£o operacional.,Dividir o problema em problemas menores.,"Sim, pois me d√£o a base de como funciona a computa√ß√£o.",N√£o
aluno 37,42,Aluno 37,1,S,"2,5",S,"2,5",S,"2,5",N,0,"7,5",,,,,,,,,,
aluno 38,52,Aluno 38,1,S,"2,5",S,"2,5",S,"2,5",S,"2,5",10,,,,,,,,,,
aluno 39,28,Aluno 39,3,S,"2,5",S,"2,5",S,"2,5",S,"2,5",10,,,,,,,,,,